date,open,high,low,close,adj_close,volume
2024-07-11,686.16,737.06,685.27,712.9,712.9,11050793
2024-07-12,712.99,731.07,708.59,717.35,717.35,2612054
2024-07-15,724.48,757.06,705.12,718.39,718.39,3439391
2024-07-16,720.52,723.99,701.61,707.2,707.2,792233
2024-07-18,703.09,714.88,694.92,704.58,704.58,1328438
2024-07-19,704.08,704.08,675.36,686.75,686.75,1129597
2024-07-22,680.27,703.09,671.4,701.11,701.11,1191022
2024-07-23,701.11,703.59,675.07,691.26,691.26,1200719
2024-07-24,696.16,698.14,679.33,680.76,680.76,487844
2024-07-25,692.2,711.01,682.05,691.11,691.11,3355349
2024-07-26,697.99,708.34,681.31,683.53,683.53,1069519
2024-07-29,689.08,689.53,673.43,678.38,678.38,1145859
2024-07-30,686.31,696.16,669.57,672.39,672.39,1868439
2024-07-31,676.06,676.8,660.16,672.64,672.64,1659742
2024-08-01,672.39,676.45,661.75,666.01,666.01,792866
2024-08-02,658.43,686.26,656.95,682.49,682.49,1217493
2024-08-05,664.47,670.17,641.3,651.94,651.94,3095537
2024-08-06,649.17,668.23,642.29,645.01,645.01,721444
2024-08-07,662.94,662.94,643.73,649.27,649.27,528032
2024-08-08,651.0,661.35,642.39,648.92,648.92,1150238
2024-08-09,656.95,682.3,655.81,672.2,672.2,2076432
2024-08-12,663.58,670.76,653.68,659.17,659.17,1234517
2024-08-13,658.53,668.63,650.71,653.08,653.08,721791
2024-08-14,658.98,661.25,637.49,646.0,646.0,1816896
2024-08-16,650.31,684.57,650.01,680.02,680.02,1924721
2024-08-19,687.15,688.83,672.39,683.68,683.68,553062
2024-08-20,687.99,695.37,674.97,692.79,692.79,666703
2024-08-21,693.19,694.92,673.58,675.32,675.32,980338
2024-08-22,678.24,688.68,677.64,683.24,683.24,783372
2024-08-23,683.14,693.44,678.63,688.58,688.58,740655
2024-08-26,688.88,712.5,683.44,708.74,708.74,1494572
2024-08-27,712.3,729.73,689.53,700.57,700.57,2966671
2024-08-28,698.14,710.96,690.22,693.29,693.29,1089403
2024-08-29,693.34,715.27,679.33,682.44,682.44,1577836
2024-08-30,685.22,691.9,671.4,676.7,676.7,2415730
2024-09-02,678.34,722.8,675.86,708.09,708.09,5417373
2024-09-03,714.98,729.33,700.12,703.88,703.88,2659537
2024-09-04,696.51,725.47,694.67,715.37,715.37,2386638
2024-09-05,742.7,745.08,714.68,726.71,726.71,5450342
2024-09-06,730.67,730.67,709.03,711.91,711.91,2095248
2024-09-09,707.94,707.94,678.93,693.34,693.34,1527955
2024-09-10,700.32,718.74,697.05,706.46,706.46,2571346
2024-09-11,712.95,731.17,708.64,718.34,718.34,2358392
2024-09-12,712.0,730.62,711.91,718.99,718.99,1373502
2024-09-13,724.73,738.74,714.68,717.2,717.2,1394286
2024-09-16,722.9,730.32,717.95,726.51,726.51,684524
2024-09-17,730.82,751.27,728.79,738.15,738.15,3270902
2024-09-18,734.78,743.4,704.28,710.57,710.57,2317400
2024-09-19,716.26,731.61,691.21,721.41,721.41,1576534
2024-09-20,724.88,752.06,718.0,741.07,741.07,5302786
2024-09-23,755.92,761.17,736.51,742.9,742.9,1628786
2024-09-24,741.71,746.61,726.91,728.74,728.74,943870
2024-09-25,727.85,729.28,707.1,722.95,722.95,2492409
2024-09-26,735.72,748.1,722.9,736.86,736.86,4039878
2024-09-27,736.71,736.71,723.74,728.29,728.29,1177716
2024-09-30,726.86,739.04,721.56,736.17,736.17,864479
2024-10-01,734.78,738.44,721.07,723.94,723.94,1344430
2024-10-03,709.28,715.62,696.16,699.73,699.73,1381904
2024-10-04,704.08,704.08,679.87,690.02,690.02,1983326
2024-10-07,687.25,687.74,657.84,668.88,668.88,3099047
2024-10-08,662.09,674.32,659.67,666.9,666.9,1549976
2024-10-09,675.36,687.25,664.08,666.55,666.55,1574020
2024-10-10,668.43,675.36,658.53,664.27,664.27,2571951
2024-10-11,668.43,670.41,655.06,658.63,658.63,761195
2024-10-14,660.16,661.75,650.21,653.68,653.68,1692063
2024-10-15,659.47,663.43,648.83,650.41,650.41,1137736
2024-10-16,652.59,660.06,646.55,656.1,656.1,1224255
2024-10-17,657.09,658.93,636.94,642.29,642.29,2594238
2024-10-18,642.29,647.34,628.82,631.1,631.1,1557380
2024-10-21,631.1,632.78,620.75,627.39,627.39,2147746
2024-10-22,632.78,643.38,625.9,629.17,629.17,3989483
2024-10-23,624.02,648.33,622.93,637.83,637.83,1610895
2024-10-24,657.54,737.65,657.29,722.35,722.35,27594688
2024-10-25,720.42,725.18,688.24,692.45,692.45,2648854
2024-10-28,692.45,702.89,677.39,684.13,684.13,4605722
2024-10-29,685.07,696.46,664.03,679.52,679.52,1177278
2024-10-30,675.36,685.91,672.39,678.58,678.58,2147148
2024-10-31,676.35,684.28,663.28,679.03,679.03,984886
2024-11-01,679.77,712.99,679.77,690.42,690.42,321861
2024-11-04,694.03,694.03,673.83,682.2,682.2,696834
2024-11-05,681.11,690.96,668.68,682.2,682.2,1178166
2024-11-06,685.27,709.58,683.29,702.45,702.45,1939077
2024-11-07,702.79,713.89,696.46,697.79,697.79,955455
2024-11-08,700.91,702.99,691.46,697.15,697.15,1522921
2024-11-11,694.18,707.65,683.29,692.4,692.4,730090
2024-11-12,692.4,700.91,672.49,677.39,677.39,892443
2024-11-13,673.38,673.93,655.71,659.47,659.47,980137
2024-11-14,672.1,676.31,654.12,662.14,662.14,756869
2024-11-18,672.39,672.39,652.24,661.25,661.25,943201
2024-11-19,661.45,689.82,661.45,673.78,673.78,1167001
2024-11-21,673.78,688.09,667.44,677.25,677.25,1491622
2024-11-22,677.25,684.28,668.43,679.03,679.03,760433
2024-11-25,687.25,694.18,660.51,665.96,665.96,2637722
2024-11-26,665.96,683.68,665.76,669.27,669.27,1043903
2024-11-27,677.15,677.15,661.8,667.24,667.24,673597
2024-11-28,669.13,672.39,656.75,658.23,658.23,718669
2024-11-29,659.52,667.89,651.75,665.07,665.07,1776675
2024-12-02,664.47,678.34,661.5,669.47,669.47,1089452
2024-12-03,674.08,674.08,663.48,666.16,666.16,671497
2024-12-04,666.45,690.66,664.67,682.44,682.44,1860493
2024-12-05,685.96,685.96,660.81,668.43,668.43,1369054
2024-12-06,671.8,671.8,660.61,662.49,662.49,659081
2024-12-09,662.49,669.37,652.19,653.23,653.23,1236327
2024-12-10,654.07,654.07,631.79,639.27,639.27,1789953
2024-12-11,640.21,642.74,634.02,635.51,635.51,857593
2024-12-12,637.54,639.07,625.85,629.22,629.22,1489548
2024-12-13,628.82,633.28,620.01,625.65,625.65,896237
2024-12-16,625.75,627.88,612.19,625.5,625.5,2255182
2024-12-17,626.25,633.87,611.29,615.35,615.35,3150407
2024-12-18,611.79,616.74,595.6,605.2,605.2,3565082
2024-12-19,596.64,611.44,592.18,603.67,603.67,1964594
2024-12-20,603.67,608.47,580.84,582.72,582.72,1590527
2024-12-23,584.8,588.17,575.2,578.47,578.47,1077200
2024-12-24,578.47,591.59,575.4,589.16,589.16,1606488
2024-12-26,589.21,593.42,581.54,587.78,587.78,1481714
2024-12-27,586.24,596.04,583.57,594.51,594.51,876891
2024-12-30,594.66,595.15,587.87,593.42,593.42,1822923
2024-12-31,591.19,592.78,579.01,589.01,589.01,1548728
2025-01-01,590.99,595.7,582.68,585.89,585.89,453009
2025-01-02,587.97,593.17,581.29,591.64,591.64,1969381
2025-01-03,592.18,601.39,581.83,585.35,585.35,1521275
2025-01-06,584.26,589.36,572.67,575.89,575.89,1661234
2025-01-07,572.48,582.08,569.46,578.76,578.76,787355
2025-01-08,579.75,581.64,566.09,567.57,567.57,1581135
2025-01-09,567.57,569.36,554.55,560.25,560.25,1288063
2025-01-10,558.46,568.17,553.12,564.01,564.01,1772445
2025-01-13,551.58,566.14,550.84,556.43,556.43,2884183
2025-01-14,556.38,571.88,555.59,564.36,564.36,1130150
2025-01-15,565.44,569.41,555.94,565.39,565.39,930485
2025-01-16,568.42,579.65,567.47,577.03,577.03,1564624
2025-01-17,579.11,583.22,566.88,569.16,569.16,1546189
2025-01-20,572.92,574.31,553.21,560.79,560.79,1942954
2025-01-21,563.36,568.27,549.06,550.99,550.99,2016643
2025-01-22,549.7,551.63,523.51,526.18,526.18,3786430
2025-01-23,529.5,543.41,525.59,537.32,537.32,1738327
2025-01-24,505.04,541.63,505.04,519.94,519.94,7353964
2025-01-27,515.98,517.07,502.12,507.32,507.32,3114482
2025-01-28,510.83,514.5,490.23,492.36,492.36,1749811
2025-01-29,492.71,506.97,488.55,497.36,497.36,3576782
2025-01-30,510.78,512.37,492.07,498.9,498.9,2746724
2025-01-31,498.95,502.36,495.18,499.39,499.39,2151141
2025-02-01,505.14,509.0,494.0,498.55,498.55,867040
2025-02-03,495.14,497.12,472.95,480.78,480.78,6332539
2025-02-04,495.14,519.74,494.69,497.51,497.51,6030302
2025-02-05,506.6,514.3,492.74,511.62,511.62,2580847
2025-02-06,515.54,531.49,508.14,529.75,529.75,4612104
2025-02-07,532.33,532.33,516.59,526.12,526.12,1676568
2025-02-10,526.02,530.99,518.62,525.18,525.18,1160970
2025-02-11,521.65,527.36,503.03,507.6,507.6,2500361
2025-02-12,506.65,510.33,491.75,507.99,507.99,1449261
2025-02-13,511.62,518.08,506.15,513.06,513.06,1005358
2025-02-14,513.01,519.12,481.82,486.04,486.04,2492187
2025-02-17,480.72,490.21,471.93,484.1,484.1,2915888
2025-02-18,489.07,504.66,486.44,503.22,503.22,3212526
2025-02-19,501.68,510.43,495.48,506.01,506.01,1595962
2025-02-20,498.7,516.78,498.7,514.55,514.55,1562900
2025-02-21,517.28,521.21,502.03,504.12,504.12,1331623
2025-02-24,501.54,510.18,494.48,501.63,501.63,1407219
2025-02-25,499.8,508.64,498.75,505.56,505.56,650257
2025-02-27,503.67,504.96,488.62,499.75,499.75,1456475
2025-02-28,491.75,494.38,473.57,490.66,490.66,3533392
2025-03-03,500.64,500.64,472.97,482.76,482.76,1083796
2025-03-04,469.8,481.72,461.0,471.09,471.09,1539353
2025-03-05,466.91,508.54,466.91,505.71,505.71,2597910
2025-03-06,514.6,528.95,511.62,518.47,518.47,1212006
2025-03-07,517.08,526.22,509.58,514.2,514.2,1035927
2025-03-10,514.6,519.47,504.57,508.84,508.84,1761286
2025-03-11,501.19,505.91,491.75,504.27,504.27,1285121
2025-03-12,508.64,509.73,487.78,501.49,501.49,1587133
2025-03-13,502.23,503.42,481.27,482.61,482.61,1388137
2025-03-17,481.92,488.32,477.84,482.76,482.76,682758
2025-03-18,482.76,482.76,482.76,482.76,482.76,0
2025-03-19,491.75,510.97,487.78,504.62,504.62,940318
2025-03-20,505.81,514.25,501.34,505.16,505.16,753432
2025-03-21,514.6,514.6,499.85,506.01,506.01,1818450
2025-03-24,508.79,517.08,497.66,498.65,498.65,1600763
2025-03-25,501.73,507.35,487.88,490.46,490.46,1499538
2025-03-26,493.74,500.54,491.35,493.69,493.69,2852798
2025-03-27,466.91,477.0,458.97,464.28,464.28,8410256
2025-03-28,464.88,470.24,454.99,458.17,458.17,2707951
2025-04-01,456.98,461.95,452.31,457.97,457.97,1240444
2025-04-02,459.76,465.42,449.83,462.59,462.59,1378880
2025-04-03,455.54,458.97,440.64,447.19,447.19,4325036
2025-04-04,447.05,448.78,411.43,419.08,419.08,4180157
2025-04-07,377.51,410.29,377.51,403.93,403.93,3475481
2025-04-08,412.28,422.01,402.74,408.35,408.35,1686256
2025-04-09,407.31,410.29,399.66,404.77,404.77,1164353
2025-04-11,425.89,428.42,413.27,427.28,427.28,2314455
2025-04-15,449.63,462.94,447.05,459.51,459.51,6752078
2025-04-16,461.95,461.95,442.48,443.87,443.87,1718495
2025-04-17,442.08,449.53,432.99,448.73,448.73,2582488
2025-04-21,448.73,455.94,446.35,452.61,452.61,1083089
2025-04-22,453.4,456.09,447.24,448.63,448.63,1199046
2025-04-23,450.03,476.7,450.03,475.31,475.31,5766536
2025-04-24,481.82,484.8,463.04,466.07,466.07,3981952
2025-04-25,466.07,467.91,448.04,450.67,450.67,2181275
2025-04-28,450.03,462.44,449.13,460.21,460.21,1037631
2025-04-29,471.88,496.02,464.33,488.62,488.62,9531228
2025-04-30,488.77,491.8,474.56,477.99,477.99,3063465
2025-05-02,466.91,495.48,465.37,495.08,495.08,4404049
2025-05-05,493.74,506.7,489.27,505.26,505.26,1741588
2025-05-06,506.01,510.38,496.22,499.15,499.15,3030894
2025-05-07,487.78,509.43,486.78,507.79,507.79,2188022
2025-05-08,509.63,512.41,500.69,504.76,504.76,2833517
2025-05-09,494.53,500.34,488.37,497.21,497.21,1291054
2025-05-12,509.58,519.42,505.26,516.39,516.39,932430
2025-05-13,516.39,518.42,503.17,504.81,504.81,1005905
2025-05-14,513.61,529.05,509.14,524.73,524.73,2757417
2025-05-15,524.53,531.98,517.38,530.25,530.25,850032
2025-05-16,530.25,541.77,525.03,539.29,539.29,801815
2025-05-19,541.22,544.95,530.54,532.58,532.58,854863
2025-05-20,534.47,537.3,518.23,521.01,521.01,780051
2025-05-21,520.81,532.98,518.23,521.6,521.6,1119968
2025-05-22,524.53,527.31,518.97,524.58,524.58,1043387
2025-05-23,526.47,535.86,522.35,533.77,533.77,702464
2025-05-26,533.77,555.83,533.77,541.42,541.42,3863285
2025-05-27,545.3,546.19,537.8,541.37,541.37,1379965
2025-05-28,528.51,546.29,528.51,535.66,535.66,2691428
2025-05-29,541.02,543.41,532.93,539.09,539.09,1497046
2025-05-30,539.43,546.14,532.48,540.38,540.38,4203570
2025-06-02,536.4,544.4,531.09,537.85,537.85,768745
2025-06-03,536.55,539.88,527.27,530.25,530.25,1313357
2025-06-04,528.56,537.25,525.63,534.52,534.52,1009153
2025-06-05,532.88,538.34,523.54,524.63,524.63,1110583
2025-06-06,521.16,523.54,504.91,506.8,506.8,4829182
2025-06-09,508.64,520.11,504.57,517.93,517.93,1589318
2025-06-10,514.6,515.94,503.08,513.21,513.21,1552476
2025-06-11,515.59,531.14,513.9,515.59,515.59,2003002
2025-06-12,516.59,522.55,504.07,507.5,507.5,1437544
2025-06-13,464.88,500.69,464.88,498.56,498.56,1922178
2025-06-16,496.07,501.19,491.8,496.92,496.92,1359974
2025-06-17,497.96,500.64,474.96,476.8,476.8,3954206
2025-06-18,476.85,480.72,470.79,475.46,475.46,2530901
2025-06-19,476.55,481.77,471.68,474.91,474.91,2082504
2025-06-20,474.96,488.62,471.68,483.75,483.75,5401406
2025-06-23,476.75,482.91,472.18,474.22,474.22,4620465
2025-06-24,480.33,485.69,476.85,478.59,478.59,2061260
2025-06-25,481.27,483.26,474.56,477.64,477.64,1027515
2025-06-26,479.63,480.72,471.93,477.64,477.64,3502901
2025-06-27,481.72,482.61,475.06,476.1,476.1,1200021
2025-06-30,478.34,479.53,473.42,478.19,478.19,1060345
2025-07-01,482.81,485.79,471.04,472.78,472.78,2676817
2025-07-02,474.81,478.19,468.06,472.18,472.18,1339966
2025-07-03,475.46,479.48,471.88,476.2,476.2,1330215
2025-07-04,478.45,479.04,472.46,476.85,476.85,666146
2025-07-07,476.85,478.94,464.59,466.78,466.78,1635790
2025-07-08,468.08,470.02,458.51,459.81,459.81,2014126
2025-07-09,461.6,461.6,445.85,454.12,454.12,6392096
2025-07-10,456.22,459.76,450.54,453.18,453.18,1817646
2025-07-11,453.53,454.32,444.71,445.7,445.7,3034052
2025-07-14,468.48,468.48,444.06,450.79,450.79,3282577
2025-07-15,453.03,458.41,449.04,453.88,453.88,4731952
2025-07-16,456.52,460.5,451.83,453.58,453.58,3173710
2025-07-17,453.83,492.4,453.83,484.43,484.43,34339361
2025-07-18,484.43,487.42,471.87,478.2,478.2,6706634
2025-07-21,483.53,494.84,482.48,486.32,486.32,8698089
2025-07-22,486.92,487.42,469.52,471.42,471.42,2402025
2025-07-23,472.86,490.41,466.58,487.42,487.42,4471528
2025-07-24,488.41,491.25,483.03,489.21,489.21,2158605
2025-07-25,487.42,488.36,465.49,467.93,467.93,4112162
2025-07-28,467.53,478.15,462.5,464.04,464.04,1532707
2025-07-29,463.49,470.42,461.7,468.98,468.98,1649095
2025-07-30,469.47,470.22,453.03,459.81,459.81,2852842
2025-07-31,446.55,455.32,443.56,448.09,448.09,8040816
2025-08-01,448.54,452.18,433.89,436.13,436.13,1490890
2025-08-04,437.58,444.75,431.0,441.57,441.57,1461100
2025-08-05,431.6,453.78,431.6,445.65,445.65,5080108
2025-08-06,445.55,448.44,435.44,444.56,444.56,1458579
2025-08-07,438.58,451.48,429.95,447.4,447.4,1665549
2025-08-08,441.66,447.84,439.27,443.56,443.56,2163302
2025-08-11,444.01,448.34,439.02,444.51,444.51,2797929
2025-08-12,445.0,449.09,437.83,438.82,438.82,921533
2025-08-13,441.12,449.09,440.62,447.3,447.3,1320587
2025-08-14,448.39,451.53,442.56,450.39,450.39,1321467
2025-08-18,453.48,456.52,441.81,443.51,443.51,2572430
2025-08-19,444.36,465.14,442.71,453.78,453.78,5221932
2025-08-20,455.02,456.27,442.46,448.89,448.89,5362350
2025-08-21,449.54,454.52,440.12,441.22,441.22,5051564
2025-08-22,443.06,450.49,441.96,448.19,448.19,894867
2025-08-25,448.19,453.53,445.25,449.69,449.69,1166650
2025-08-26,448.34,461.7,440.37,452.23,452.23,58650435
2025-08-28,451.53,457.61,445.2,448.89,448.89,3245285
2025-08-29,448.89,452.23,440.67,441.62,441.62,3898250
2025-09-01,442.51,450.84,439.87,449.34,449.34,3064165
2025-09-02,449.54,451.78,441.47,443.51,443.51,4087210
2025-09-03,443.51,450.54,440.62,448.54,448.54,3590314
2025-09-04,454.42,454.42,435.19,436.53,436.53,3549467
2025-09-05,440.12,447.5,436.88,439.67,439.67,4301884
2025-09-08,441.07,457.86,441.07,452.88,452.88,3317333
2025-09-09,453.43,454.52,442.16,444.06,444.06,1694278
2025-09-10,450.09,455.97,444.9,448.59,448.59,4099347
2025-09-11,448.69,449.94,436.38,438.53,438.53,4599233
2025-09-12,440.57,441.27,424.67,426.91,426.91,3256814
2025-09-15,429.6,435.68,428.81,432.59,432.59,1452381
2025-09-16,433.24,437.63,429.75,431.15,431.15,1368600
2025-09-17,432.99,435.49,431.3,433.19,433.19,1508205
2025-09-18,434.59,439.77,432.44,439.17,439.17,1638234
2025-09-19,438.58,439.77,434.14,434.79,434.79,2335111
2025-09-22,434.84,435.83,417.99,419.24,419.24,2723801
2025-09-23,422.13,432.99,419.29,419.99,419.99,4907137
2025-09-24,421.48,424.87,414.15,415.45,415.45,2547455
2025-09-25,414.65,418.54,406.78,408.32,408.32,2409924
2025-09-26,405.68,412.46,404.44,405.78,405.78,2512505
2025-09-29,408.77,410.32,401.0,404.04,404.04,2086802
2025-09-30,404.34,412.56,401.99,410.42,410.42,2437936
2025-10-01,413.51,415.2,409.97,412.41,412.41,1311404
2025-10-03,412.41,420.04,408.92,418.34,418.34,1842319
2025-10-06,420.63,420.63,412.01,412.91,412.91,2305014
2025-10-07,414.1,419.64,410.96,412.71,412.71,1808280
2025-10-08,413.96,416.7,403.04,403.94,403.94,1583659
2025-10-09,405.98,429.8,404.14,428.06,428.06,4699597
2025-10-10,433.64,447.05,428.61,431.4,431.4,8389715
2025-10-13,432.59,435.88,423.22,434.34,434.34,2600084
2025-10-14,434.09,455.32,432.99,451.33,451.33,7646062
2025-10-15,451.33,456.52,444.16,450.79,450.79,2676450
2025-10-16,450.79,472.46,450.79,467.03,467.03,7002787
2025-10-17,465.09,469.62,458.61,460.7,460.7,2356950
2025-10-20,460.55,463.84,457.11,459.71,459.71,2459282
2025-10-21,463.49,463.84,458.51,460.45,460.45,148421
2025-10-23,470.57,480.89,465.69,476.5,476.5,4520849
2025-10-24,476.05,479.79,470.27,477.15,477.15,2880354
2025-10-27,477.15,485.42,474.71,482.28,482.28,2411589
2025-10-28,494.44,501.77,474.56,482.78,482.78,8308585
2025-10-29,483.43,485.27,477.45,481.59,481.59,1573506
2025-10-30,482.53,485.02,476.55,481.39,481.39,845278
2025-10-31,481.39,485.62,470.07,471.22,471.22,1152617
2025-11-03,471.47,481.98,471.32,479.69,479.69,825005
2025-11-04,478.94,485.27,476.75,482.23,482.23,1658014
2025-11-06,482.43,485.17,479.84,481.34,481.34,1428893
2025-11-07,478.45,491.8,474.56,489.51,489.51,1644050
2025-11-10,491.4,492.25,483.03,484.13,484.13,1363815
2025-11-11,486.42,490.81,479.24,488.21,488.21,1089218
2025-11-12,489.91,498.38,487.02,496.14,496.14,1449667
2025-11-13,497.83,499.18,484.03,487.57,487.57,1626959
2025-11-14,485.52,487.86,476.2,484.03,484.03,956167
2025-11-17,484.43,486.37,478.45,484.43,484.43,1700170
2025-11-18,486.12,489.76,474.76,486.97,486.97,2096390
2025-11-19,489.46,506.75,488.21,505.31,505.31,5842354
2025-11-20,508.3,513.83,500.62,506.01,506.01,2647276
2025-11-21,506.01,516.12,499.13,501.52,501.52,3119184
2025-11-24,501.37,510.74,498.08,504.16,504.16,1898547
2025-11-25,504.16,504.66,495.49,499.68,499.68,1347508
2025-11-26,500.32,508.8,497.68,505.56,505.56,816531
2025-11-27,510.24,518.91,506.16,507.85,507.85,2107475
2025-11-28,511.34,512.04,504.06,510.09,510.09,1107443
2025-12-01,512.58,513.48,503.46,507.1,507.1,1237953
2025-12-02,505.36,509.2,500.62,504.76,504.76,696651
2025-12-03,506.95,506.95,488.01,490.06,490.06,1154576
2025-12-04,491.4,503.17,490.06,498.03,498.03,1353456
2025-12-05,498.03,498.28,486.67,491.25,491.25,1038693
2025-12-08,491.3,497.38,480.89,484.77,484.77,891694
2025-12-09,483.43,485.57,474.46,477.6,477.6,1515002
2025-12-10,477.6,483.38,467.53,470.02,470.02,1111844
2025-12-11,471.87,491.3,467.48,481.59,481.59,3559650
2025-12-12,484.08,492.15,482.48,490.9,490.9,2896193
2025-12-15,488.41,494.39,481.54,485.32,485.32,1169034
2025-12-16,482.93,486.07,481.59,483.38,483.38,394684
2025-12-17,482.38,491.9,479.24,488.31,488.31,804592
2025-12-18,486.42,489.56,481.04,484.87,484.87,1365960
2025-12-19,484.63,498.38,480.89,495.19,495.19,4151451
2025-12-22,497.38,500.67,490.01,491.85,491.85,778559
2025-12-23,491.65,491.8,481.93,486.72,486.72,1028261
2025-12-24,486.97,487.96,481.44,482.43,482.43,868011
2025-12-26,481.44,486.22,479.24,480.54,480.54,748098
2025-12-29,481.68,483.58,471.47,475.85,475.85,2412933
2025-12-30,476.45,481.04,474.46,477.25,477.25,1914434
2025-12-31,478.45,479.84,471.27,477.85,477.85,589617
2026-01-01,480.39,480.39,471.32,472.76,472.76,532720
2026-01-02,473.46,491.75,472.66,484.77,484.77,1198062
2026-01-05,485.92,487.91,477.0,479.84,479.84,665079
2026-01-06,479.84,479.94,467.58,474.91,474.91,1057436
2026-01-07,472.46,477.2,469.08,472.27,472.27,591731
2026-01-08,471.02,472.07,458.61,461.35,461.35,1597648
2026-01-09,456.62,467.43,453.88,458.16,458.16,1148591
2026-01-12,456.52,457.91,445.45,455.37,455.37,1289974
2026-01-13,456.47,461.45,452.63,455.57,455.57,1165172
2026-01-14,453.78,462.85,453.08,460.15,460.15,780253
2026-01-15,460.15,460.15,460.15,460.15,460.15,0
2026-01-16,460.15,462.6,455.87,458.61,458.61,642454
2026-01-19,457.31,457.31,443.71,446.2,446.2,1331585
2026-01-20,444.41,447.65,438.28,444.51,444.51,2411410
2026-01-21,441.62,446.2,436.28,443.01,443.01,848022
2026-01-22,448.54,470.57,444.66,467.58,467.58,2758332
2026-01-23,468.53,469.37,446.05,454.62,454.62,2686728
2026-01-27,468.48,489.21,459.71,486.22,486.22,8264444
2026-01-28,487.91,495.29,477.95,492.5,492.5,2665166
2026-01-29,492.5,496.89,482.98,492.45,492.45,1783815
2026-01-30,490.0,497.4,488.75,495.75,495.75,1859620
2026-02-02,490.2,501.75,483.25,499.5,499.5,1188339
2026-02-03,549.45,549.45,523.25,530.2,530.2,15751143
2026-02-04,530.0,538.0,525.85,532.85,532.85,2098444
2026-02-05,530.0,531.1,522.35,524.25,524.25,2352832
2026-02-06,522.0,522.9,506.1,513.5,513.5,959773
2026-02-09,520.85,537.0,520.85,530.6,530.6,3699776
2026-02-10,531.9,537.1,526.2,531.1,531.1,1224152
2026-02-11,531.1,542.4,530.1,538.0,538.0,2187798
2026-02-12,533.5,538.15,526.2,532.8,532.8,1565000
2026-02-13,526.05,531.85,520.1,527.95,527.95,1082968
2026-02-16,527.6,528.75,521.1,525.1,525.1,851902
2026-02-17,522.0,532.8,520.35,529.75,529.75,1835116
2026-02-18,530.0,533.0,524.1,531.8,531.8,528154
2026-02-19,532.0,545.6,525.35,528.05,528.05,2559118
2026-02-20,526.0,535.75,524.2,532.1,532.1,1982341
2026-02-23,535.5,542.6,533.45,536.05,536.05,1142219
2026-02-24,533.0,536.8,525.1,529.45,529.45,821398
2026-02-25,530.2,543.3,529.05,542.0,542.0,1312350
2026-02-26,544.5,546.9,536.0,545.35,545.35,917562
2026-02-27,545.85,545.85,531.0,534.5,534.5,1517077
2026-03-02,502.0,529.0,502.0,517.25,517.25,1557182
2026-03-04,502.2,508.8,496.45,501.4,501.4,1180839
2026-03-05,503.0,515.0,501.5,510.95,510.95,837518
2026-03-06,510.95,521.0,510.0,514.95,514.95,589454
2026-03-09,501.0,505.0,493.0,500.7,500.7,809014
2026-03-10,509.0,517.85,500.0,511.75,511.75,1840641
2026-03-11,520.0,536.9,515.0,516.35,516.35,3244130
2026-03-12,508.0,515.05,502.7,510.3,510.3,748268
2026-03-13,509.35,511.5,484.0,486.05,486.05,1136203
2026-03-16,484.0,493.05,474.4,489.2,489.2,742736
2026-03-17,493.0,505.4,487.1,502.1,502.1,2097610
2026-03-18,506.7,528.65,501.7,511.8,511.8,2686996
2026-03-19,505.0,507.0,493.55,498.7,498.7,965035
2026-03-20,499.7,513.95,499.6,506.25,506.25,1298483
2026-03-23,498.8,498.8,480.0,484.95,484.95,3152852
2026-03-24,492.3,498.85,479.65,494.7,494.7,1604537
2026-03-25,500.0,519.0,495.7,511.45,511.45,1883357
2026-03-27,506.0,508.85,485.85,488.75,488.75,8344260
2026-03-30,484.05,488.9,474.5,481.5,481.5,3529118
2026-04-01,492.0,507.8,492.0,497.25,497.25,1772619
2026-04-02,493.0,499.05,478.3,496.55,496.55,1880786
2026-04-06,499.5,512.45,489.25,509.4,509.4,967766
2026-04-07,509.9,517.0,498.85,515.15,515.15,1373705
2026-04-08,530.0,543.45,525.65,533.7,533.7,2802376
2026-04-09,532.25,536.8,519.6,523.05,523.05,1847081
2026-04-10,528.8,559.85,526.15,554.25,554.25,4735536
2026-04-13,549.75,571.35,540.8,569.3,569.3,5054129
2026-04-15,581.4,591.2,573.1,585.7,585.7,4121646
2026-04-16,586.0,593.65,577.7,580.85,580.85,2161265
2026-04-17,578.0,596.95,573.35,593.85,593.85,2982180
2026-04-20,595.0,595.6,574.3,576.55,576.55,1308363
2026-04-21,575.8,585.65,575.25,581.3,581.3,1887348
2026-04-22,583.5,596.0,580.1,588.45,588.45,1612696
2026-04-23,587.9,587.9,570.75,574.55,574.55,1544192
2026-04-24,574.9,577.95,560.5,564.85,564.85,1501889
2026-04-27,566.15,592.2,565.85,588.65,588.65,3960338
2026-04-28,588.65,604.0,586.0,598.8,598.8,3382848
2026-04-29,605.0,611.4,596.35,599.7,599.7,3216609
2026-04-30,598.8,613.1,586.15,607.25,607.25,2865734
2026-05-01,607.25,607.25,607.25,607.25,607.25,0
2026-05-04,614.0,614.0,570.0,575.45,575.45,9158079
2026-05-05,575.45,581.0,569.35,577.85,577.85,3817731
2026-05-06,582.0,588.65,574.35,582.6,582.6,2439303
2026-05-07,584.0,588.35,573.0,578.65,578.65,3178170
2026-05-08,578.65,581.9,574.7,579.3,579.3,1244286
2026-05-11,574.7,605.6,568.5,593.55,593.55,6486335
2026-05-12,593.65,604.6,582.6,584.1,584.1,4022177
2026-05-13,584.0,597.55,578.0,591.35,591.35,3189067
2026-05-14,597.9,597.9,580.4,587.55,587.55,1254626
2026-05-15,589.05,590.35,571.25,573.55,573.55,1639648
2026-05-18,571.0,574.05,555.55,567.55,567.55,1311612
2026-05-19,571.95,583.7,566.5,579.75,579.75,1097146
2026-05-20,572.65,590.35,570.05,588.6,588.6,1366708
2026-05-21,589.25,596.05,581.0,584.3,584.3,763533
2026-05-22,584.3,599.95,584.3,593.75,593.75,2484984
2026-05-25,599.0,603.55,592.7,594.65,594.65,711240
2026-05-26,590.6,609.6,590.1,608.0,608.0,1904541
2026-05-27,612.0,621.8,601.25,618.7,618.7,1907699
2026-05-28,618.7,618.7,618.7,618.7,618.7,0
2026-05-29,620.0,620.0,605.0,607.45,607.45,1914358
2026-06-01,608.8,611.55,595.0,600.2,600.2,1573058
2026-06-02,594.0,614.25,590.8,611.35,611.35,1611420
2026-06-03,615.0,615.15,599.55,603.45,603.45,1008198
2026-06-04,597.45,612.35,597.45,601.15,601.15,1684599
2026-06-05,605.05,609.4,599.0,602.3,602.3,1525449
2026-06-08,593.3,596.45,585.4,588.25,588.25,803733
2026-06-09,593.4,607.35,588.5,601.85,601.85,1820577
2026-06-10,598.55,600.15,586.55,589.25,589.25,1348178
2026-06-11,584.65,595.55,582.1,585.1,585.1,2093237
2026-06-12,593.95,597.6,584.5,593.05,593.05,757210
2026-06-15,602.6,602.6,594.25,596.35,596.35,1187869
2026-06-16,599.25,609.55,591.6,598.65,598.65,1855149
2026-06-17,604.9,609.45,596.2,601.25,601.25,1420889
2026-06-18,607.25,607.25,599.8,605.05,605.05,1024033
2026-06-19,604.8,618.75,598.3,613.8,613.8,1977764
2026-06-22,618.2,624.53,612.52,619.2,619.2,3272804
2026-06-23,620.2,622.09,610.48,614.16,614.16,626501
2026-06-24,611.22,621.04,610.28,619.3,619.3,1335527
2026-06-25,624.0,632.2,617.25,619.25,619.25,3276539
2026-06-26,619.25,619.25,619.25,619.25,619.25,0
2026-06-29,619.25,629.95,609.4,620.75,620.75,3941395
2026-06-30,618.55,623.7,608.3,619.9,619.9,1987929
2026-07-01,623.0,628.0,615.4,619.4,619.4,967427
2026-07-02,623.0,672.6,616.85,662.3,662.3,7802225
2026-07-03,665.25,667.5,658.0,660.1,660.1,1237326
2026-07-06,660.05,671.0,657.6,667.5,667.5,2243065
2026-07-07,665.55,674.0,660.0,671.2,671.2,2096483
2026-07-08,668.0,680.8,657.9,662.05,662.05,3230617
2026-07-09,664.3,675.4,659.8,670.75,670.75,1358978
2026-07-10,676.35,682.2,661.45,668.55,668.55,1238095
2026-07-13,667.85,673.6,658.7,670.85,670.85,1526140
2026-07-14,674.0,674.0,660.1,666.8,666.8,873477
2026-07-15,675.05,676.0,663.3,669.2,669.2,2257584
2026-07-16,669.25,690.85,665.85,683.4,683.4,2769737
2026-07-17,684.6,708.45,680.35,704.85,704.85,4862624
2026-07-20,705.0,718.65,701.15,714.55,714.55,2929307
2026-07-21,723.0,734.2,715.05,732.75,732.75,3282955
2026-07-22,732.75,739.4,719.35,726.5,726.5,2080575
2026-07-23,725.0,731.1,704.15,719.75,719.75,4580235
2026-07-24,710.95,741.65,705.0,717.95,717.95,8733705
2026-07-27,728.8,728.8,714.5,720.9,720.9,2803460
2026-07-28,722.0,723.75,707.0,713.0,713.0,1889106
2026-07-29,718.0,724.75,711.1,720.5,720.5,1817710
2026-07-30,715.05,768.0,715.05,763.75,763.75,7777881
2026-07-31,769.95,773.2,761.95,769.4,769.4,2880222
2026-08-03,775.0,785.0,768.05,785.0,785.0,2517947
2026-08-04,785.0,794.45,774.5,787.0,787.0,2041296
2026-08-05,790.0,822.9,785.05,814.6,814.6,3622373
2026-08-06,821.9,824.6,786.25,792.0,792.0,2671715
2026-08-07,790.0,821.0,787.0,818.05,818.05,3753214
2026-08-10,822.1,836.9,807.6,812.5,812.5,2407579
2026-08-11,808.45,821.0,798.0,800.0,800.0,1377316
2026-08-12,801.05,807.7,797.4,804.5,804.5,1894549
2026-08-13,801.5,811.5,792.1,799.9,799.9,1739520
2026-08-14,795.7,798.8,790.0,792.0,792.0,908556
